{
  "Use Non-ASCII Font" : true,
  "Tags" : [

  ],
  "Ansi 12 Color" : {
    "Red Component" : 0.36078431372549019,
    "Color Space" : "sRGB",
    "Blue Component" : 0.89411764705882357,
    "Green Component" : 0.65490196078431373
  },
  "Ansi 6 Color" : {
    "Red Component" : 0.031372549019607843,
    "Color Space" : "sRGB",
    "Blue Component" : 0.41568627450980394,
    "Green Component" : 0.56862745098039214
  },
  "Normal Font" : "FiraCode-Retina 13",
  "Bold Color" : {
    "Red Component" : 0.25098039215686274,
    "Color Space" : "sRGB",
    "Blue Component" : 0.32549019607843138,
    "Green Component" : 0.24705882352941178
  },
  "Ansi 3 Color" : {
    "Red Component" : 0.85490196078431369,
    "Color Space" : "sRGB",
    "Blue Component" : 0.0039215686274509803,
    "Green Component" : 0.66666666666666663
  },
  "Ansi 4 Color" : {
    "Red Component" : 0.28235294117647058,
    "Color Space" : "sRGB",
    "Blue Component" : 0.83921568627450982,
    "Green Component" : 0.46274509803921571
  },
  "Ansi 5 Color" : {
    "Red Component" : 0.25098039215686274,
    "Color Space" : "sRGB",
    "Blue Component" : 0.32549019607843138,
    "Green Component" : 0.24705882352941178
  },
  "Rows" : 57,
  "Default Bookmark" : "No",
  "Cursor Guide Color" : {
    "Red Component" : 0.70213186740875244,
    "Color Space" : "sRGB",
    "Blue Component" : 1,
    "Alpha Component" : 0.25,
    "Green Component" : 0.9268307089805603
  },
  "Non-ASCII Anti Aliased" : true,
  "Use Bright Bold" : true,
  "Ansi 10 Color" : {
    "Red Component" : 0.28627450980392155,
    "Color Space" : "sRGB",
    "Blue Component" : 0.77254901960784317,
    "Green Component" : 0.81568627450980391
  },
  "Ambiguous Double Width" : false,
  "Jobs to Ignore" : [
    "rlogin",
    "ssh",
    "slogin",
    "telnet"
  ],
  "Ansi 15 Color" : {
    "Red Component" : 0.59607843137254901,
    "Color Space" : "sRGB",
    "Blue Component" : 0.69411764705882351,
    "Green Component" : 0.62352941176470589
  },
  "Foreground Color" : {
    "Red Component" : 0.25098039215686274,
    "Color Space" : "sRGB",
    "Blue Component" : 0.32549019607843138,
    "Green Component" : 0.24705882352941178
  },
  "Working Directory" : "\/Users\/harold",
  "Blinking Cursor" : false,
  "Disable Window Resizing" : true,
  "Sync Title" : false,
  "Prompt Before Closing 2" : false,
  "BM Growl" : true,
  "Command" : "",
  "Description" : "Default",
  "Mouse Reporting" : true,
  "Screen" : -1,
  "Selection Color" : {
    "Red Component" : 0.94999999999999996,
    "Color Space" : "sRGB",
    "Blue Component" : 0.94999999999999996,
    "Green Component" : 0.94999999999999996
  },
  "Columns" : 208,
  "Idle Code" : 0,
  "Ansi 13 Color" : {
    "Red Component" : 0.41176470588235292,
    "Color Space" : "sRGB",
    "Blue Component" : 0.59607843137254901,
    "Green Component" : 0.4392156862745098
  },
  "Custom Command" : "No",
  "ASCII Anti Aliased" : true,
  "Non Ascii Font" : "Monaco 12",
  "Vertical Spacing" : 1,
  "Use Bold Font" : true,
  "Option Key Sends" : 0,
  "Selected Text Color" : {
    "Red Component" : 0.25098039215686274,
    "Color Space" : "sRGB",
    "Blue Component" : 0.32549019607843138,
    "Green Component" : 0.24705882352941178
  },
  "Background Color" : {
    "Red Component" : 1,
    "Color Space" : "sRGB",
    "Blue Component" : 1,
    "Green Component" : 1
  },
  "Character Encoding" : 4,
  "Ansi 11 Color" : {
    "Red Component" : 0.85490196078431369,
    "Color Space" : "sRGB",
    "Blue Component" : 0.41960784313725491,
    "Green Component" : 0.76078431372549016
  },
  "Use Italic Font" : true,
  "Unlimited Scrollback" : true,
  "Keyboard Map" : {
    "0xf700-0x260000" : {
      "Action" : 10,
      "Text" : "[1;6A"
    },
    "0x37-0x40000" : {
      "Action" : 11,
      "Text" : "0x1f"
    },
    "0x32-0x40000" : {
      "Action" : 11,
      "Text" : "0x00"
    },
    "0xf709-0x20000" : {
      "Action" : 10,
      "Text" : "[17;2~"
    },
    "0xf70c-0x20000" : {
      "Action" : 10,
      "Text" : "[20;2~"
    },
    "0xf729-0x20000" : {
      "Action" : 10,
      "Text" : "[1;2H"
    },
    "0xf72b-0x40000" : {
      "Action" : 10,
      "Text" : "[1;5F"
    },
    "0xf705-0x20000" : {
      "Action" : 10,
      "Text" : "[1;2Q"
    },
    "0xf703-0x260000" : {
      "Action" : 10,
      "Text" : "[1;6C"
    },
    "0xf700-0x220000" : {
      "Action" : 10,
      "Text" : "[1;2A"
    },
    "0xf703-0x300000" : {
      "Action" : 11,
      "Text" : "0x05"
    },
    "0xf701-0x280000" : {
      "Action" : 11,
      "Text" : "0x1b 0x1b 0x5b 0x42"
    },
    "0x38-0x40000" : {
      "Action" : 11,
      "Text" : "0x7f"
    },
    "0x33-0x40000" : {
      "Action" : 11,
      "Text" : "0x1b"
    },
    "0xf703-0x220000" : {
      "Action" : 10,
      "Text" : "[1;2C"
    },
    "0xf701-0x240000" : {
      "Action" : 10,
      "Text" : "[1;5B"
    },
    "0xf70d-0x20000" : {
      "Action" : 10,
      "Text" : "[21;2~"
    },
    "0xf702-0x260000" : {
      "Action" : 10,
      "Text" : "[1;6D"
    },
    "0xf729-0x40000" : {
      "Action" : 10,
      "Text" : "[1;5H"
    },
    "0xf702-0x300000" : {
      "Action" : 11,
      "Text" : "0x01"
    },
    "0xf706-0x20000" : {
      "Action" : 10,
      "Text" : "[1;2R"
    },
    "0x34-0x40000" : {
      "Action" : 11,
      "Text" : "0x1c"
    },
    "0xf700-0x280000" : {
      "Action" : 11,
      "Text" : "0x1b 0x1b 0x5b 0x41"
    },
    "0x2d-0x40000" : {
      "Action" : 11,
      "Text" : "0x1f"
    },
    "0xf70e-0x20000" : {
      "Action" : 10,
      "Text" : "[23;2~"
    },
    "0xf702-0x220000" : {
      "Action" : 10,
      "Text" : "[1;2D"
    },
    "0x7f-0x100000" : {
      "Action" : 11,
      "Text" : "0x15"
    },
    "0xf703-0x280000" : {
      "Action" : 11,
      "Text" : "0x1b 0x66"
    },
    "0xf700-0x240000" : {
      "Action" : 10,
      "Text" : "[1;5A"
    },
    "0xf707-0x20000" : {
      "Action" : 10,
      "Text" : "[1;2S"
    },
    "0xf70a-0x20000" : {
      "Action" : 10,
      "Text" : "[18;2~"
    },
    "0x35-0x40000" : {
      "Action" : 11,
      "Text" : "0x1d"
    },
    "0xf70f-0x20000" : {
      "Action" : 10,
      "Text" : "[24;2~"
    },
    "0xf703-0x240000" : {
      "Action" : 10,
      "Text" : "[1;5C"
    },
    "0x7f-0x80000" : {
      "Action" : 11,
      "Text" : "0x1B 0x08"
    },
    "0xf701-0x260000" : {
      "Action" : 10,
      "Text" : "[1;6B"
    },
    "0xf702-0x280000" : {
      "Action" : 11,
      "Text" : "0x1b 0x62"
    },
    "0xf72b-0x20000" : {
      "Action" : 10,
      "Text" : "[1;2F"
    },
    "0x36-0x40000" : {
      "Action" : 11,
      "Text" : "0x1e"
    },
    "0xf708-0x20000" : {
      "Action" : 10,
      "Text" : "[15;2~"
    },
    "0xf701-0x220000" : {
      "Action" : 10,
      "Text" : "[1;2B"
    },
    "0xf70b-0x20000" : {
      "Action" : 10,
      "Text" : "[19;2~"
    },
    "0xf702-0x240000" : {
      "Action" : 10,
      "Text" : "[1;5D"
    },
    "0xf704-0x20000" : {
      "Action" : 10,
      "Text" : "[1;2P"
    }
  },
  "Window Type" : 0,
  "Semantic History" : {
    "text" : "",
    "action" : "best editor",
    "editor" : "com.github.atom"
  },
  "Background Image Location" : "",
  "Blur" : false,
  "Badge Color" : {
    "Red Component" : 1,
    "Color Space" : "sRGB",
    "Blue Component" : 0,
    "Alpha Component" : 0.5,
    "Green Component" : 0.1491314172744751
  },
  "Scrollback Lines" : 0,
  "Send Code When Idle" : false,
  "Close Sessions On End" : true,
  "Terminal Type" : "xterm-256color",
  "Visual Bell" : true,
  "Flashing Bell" : false,
  "Silence Bell" : true,
  "Ansi 14 Color" : {
    "Red Component" : 0,
    "Color Space" : "sRGB",
    "Blue Component" : 0.56470588235294117,
    "Green Component" : 0.78823529411764703
  },
  "ASCII Ligatures" : true,
  "Name" : "harold",
  "Cursor Text Color" : {
    "Red Component" : 0.98431372549019602,
    "Color Space" : "sRGB",
    "Blue Component" : 0.98431372549019602,